{"level":2,"health":71.81166076660156,"sheild":57.71749496459961,"weaponUnlocks":[false,false,false,false,false],"weaponAmmoCounts":[12,45,8,5,5]}