{"level":2,"health":99.05347442626953,"sheild":98.58021545410156,"weaponUnlocks":[true,false,false,false,false],"weaponAmmoCounts":[12,45,8,5,5]}