{"level":1,"health":77.39994812011719,"sheild":78.60003662109375,"weaponUnlocks":[true,true,true,true,true],"weaponAmmoCounts":[12,45,8,4,6]}