{"level":3,"health":90.57658386230469,"sheild":85.86487579345703,"weaponUnlocks":[true,false,false,false,false],"weaponAmmoCounts":[0,45,8,5,5]}