{"level":3,"health":54.405418395996097,"sheild":31.608131408691408,"weaponUnlocks":[false,false,false,false,false],"weaponAmmoCounts":[0,0,0,0,0]}