{"level":3,"health":56.11540222167969,"sheild":34.173095703125,"weaponUnlocks":[false,false,false,false,false],"weaponAmmoCounts":[0,0,0,0,0]}