{"level":3,"health":70.477783203125,"sheild":55.7166748046875,"weaponUnlocks":[true,false,false,false,false],"weaponAmmoCounts":[6,0,8,5,5]}