{"level":2,"health":81.0491714477539,"sheild":71.5737533569336,"weaponUnlocks":[true,false,false,false,false],"weaponAmmoCounts":[12,45,8,5,5]}