{"level":2,"health":88.12716674804688,"sheild":82.19075775146485,"weaponUnlocks":[false,false,false,false,false],"weaponAmmoCounts":[0,0,0,0,0]}