{"level":2,"health":80.78665924072266,"sheild":71.17998504638672,"weaponUnlocks":[false,false,false,false,false],"weaponAmmoCounts":[12,45,8,5,5]}