{"level":2,"health":57.02708435058594,"sheild":35.234596252441409,"weaponUnlocks":[true,true,false,true,false],"weaponAmmoCounts":[0,0,0,0,0]}