{"level":5,"health":90.27794647216797,"sheild":85.41692352294922,"weaponUnlocks":[true,false,false,false,false],"weaponAmmoCounts":[6,45,8,5,6]}