{"level":2,"health":90.18779754638672,"sheild":85.28169250488281,"weaponUnlocks":[true,false,false,false,false],"weaponAmmoCounts":[12,45,8,5,5]}