{"level":3,"health":80.1639633178711,"sheild":70.2459487915039,"weaponUnlocks":[false,false,false,false,false],"weaponAmmoCounts":[0,0,0,0,0]}