{"level":5,"health":94.03540802001953,"sheild":81.81228637695313,"weaponUnlocks":[true,true,true,true,true],"weaponAmmoCounts":[0,45,8,5,5]}