{"level":2,"health":71.50086212158203,"sheild":57.25128936767578,"weaponUnlocks":[false,false,false,false,false],"weaponAmmoCounts":[0,0,0,0,0]}