{"level":8,"health":66.95789337158203,"sheild":32.93698501586914,"weaponUnlocks":[true,true,true,false,false],"weaponAmmoCounts":[12,44,8,5,6]}