{"level":2,"health":86.49718475341797,"sheild":79.74578094482422,"weaponUnlocks":[false,false,false,false,false],"weaponAmmoCounts":[0,0,0,0,0]}