{"level":2,"health":72.4652099609375,"sheild":58.697811126708987,"weaponUnlocks":[true,false,false,false,false],"weaponAmmoCounts":[12,45,8,5,5]}